[
  {
    "uiStudent": "1503", 
    "delivery": "12345",
    "assignment": "TP2",
    "deliveryDate": "2018-05-20 03:20:48",
    "correction": "pending",
    "revision": "failed"
  },
  {
    "uiStudent": "1504", 
    "delivery": "12345",
    "assignment": "TP2",
    "deliveryDate": "2018-05-20 03:21:42",
    "correction": "pending",
    "revision": "successful"
  },
  {
    "uiStudent": "1510", 
    "delivery": "101946",
    "assignment": "TP2",
    "deliveryDate": "2018-05-20 17:02:42",
    "correction": "pending",
    "revision": "failed"
  },
  {
    "uiStudent": "1511",
    "delivery": "101946",
    "assignment": "TP2",
    "deliveryDate": "2018-05-20 17:09:17",
    "correction": "pending",
    "revision": "successful"
  },
  {
    "uiStudent": "1527",
    "delivery": "101753",
    "assignment": "TP2",
    "deliveryDate": "2018-05-20 22: 54: 28",
    "correction": "pending",
    "revision": "failed"
  },
  {
    "uiStudent": "1530",
    "delivery": "102321",
    "assignment": "TP2",
    "deliveryDate": "2018-05-21 01: 15: 18",
    "correction": "pending",
    "revision": "failed"
  },
  {
    "uiStudent": "1536",
    "delivery": "102532",
    "assignment": "TP2",
    "deliveryDate": "2018-05-21 02: 28: 00",
    "correction": "pending",
    "revision": "failed"
  },
  {
    "uiStudent": "1538",
    "delivery": "102110",
    "assignment": "TP2",
    "deliveryDate": "2018-05-21 03: 17: 31",
    "correction": "pending",
    "revision": "failed"
  },
  {
    "uiStudent": "1539",
    "delivery": "102532",
    "assignment": "TP2",
    "deliveryDate": "2018-05-21 03: 30: 33",
    "correction": "pending",
    "revision": "failed"
  },
  {
    "uiStudent": "1545",
    "delivery": "102532",
    "assignment": "TP2",
    "deliveryDate": "2018-05-21 06: 44: 16",
    "correction": "pending",
    "revision": "failed"
  },
  {
    "uiStudent": "1546",
    "delivery": "102323",
    "assignment": "TP2",
    "deliveryDate": "2018-05-21 13: 46: 17",
    "correction": "pending",
    "revision": "failed"
  },
  {
    "uiStudent": "1547",
    "delivery": "101753",
    "assignment": "TP2",
    "deliveryDate": "2018-05-21 14: 13: 30",
    "correction": "pending",
    "revision": "failed"
  },
  {
    "uiStudent": "1548",
    "delivery": "101753",
    "assignment": "TP2",
    "deliveryDate": "2018-05-21 14: 16: 57",
    "correction": "pending",
    "revision": "failed"
  },
  {
    "uiStudent": "1549",
    "delivery": "102323",
    "assignment": "TP2",
    "deliveryDate": "2018-05-21 14: 20: 42",
    "correction": "pending",
    "revision": "failed"
  },
  {
    "uiStudent": "1550",
    "delivery": "101753",
    "assignment": "TP2",
    "deliveryDate": "2018-05-21 14: 25: 34",
    "correction": "pending",
    "revision": "failed"
  },
  {
    "uiStudent": "1551",
    "delivery": "102342",
    "assignment": "TP2",
    "deliveryDate": "2018-05-21 14: 28: 40",
    "correction": "pending",
    "revision": "failed"
  },
  {
    "uiStudent": "1552",
    "delivery": "102323",
    "assignment": "TP2",
    "deliveryDate": "2018-05-21 14: 45: 48",
    "correction": "pending",
    "revision": "failed"
  },
  {
    "uiStudent": "1553",
    "delivery": "102323",
    "assignment": "TP2",
    "deliveryDate": "2018-05-21 14: 49: 32",
    "correction": "pending",
    "revision": "successful"
  },
  {
    "uiStudent": "1554",
    "delivery": "102342",
    "assignment": "TP2",
    "deliveryDate": "2018-05-21 15: 00: 16",
    "correction": "pending",
    "revision": "successful"
  },
  {
    "uiStudent": "1555",
    "delivery": "102216",
    "assignment": "TP2",
    "deliveryDate": "2018-05-21 15: 07: 11",
    "correction": "pending",
    "revision": "failed"
  },
  {
    "uiStudent": "1556",
    "delivery": "102216",
    "assignment": "TP2",
    "deliveryDate": "2018-05-21 15: 12: 19",
    "correction": "pending",
    "revision": "failed"
  }
]	 	